origin_zone,1,2,3,4,5,6,7,8,9,10,11,12,13,14,15,16,17,18,19,20,21,22,23,24,25,26,27,28,29,30,31,32,33,34,35,36,37,38,39,40,41,42,43,44,45,46,47,48,49,50,51,52,53,54,55,56,57,58,59,60,61,62,63,64,65,66,67,68,69,70,71,72,73,74,75,76,77,78,79,80,81,82,83,84,85,86,87,88,89,90,91,92
1,252.0,32.0,12.0,16.0,36.0,16.0,28.0,24.0,20.0,60.0,0.0,20.0,4.0,8.0,16.0,0.0,8.0,152.0,16.0,68.0,12.0,20.0,4.0,4.0,0.0,4.0,8.0,0.0,48.0,12.0,12.0,16.0,0.0,12.0,12.0,16.0,20.0,4.0,28.0,24.0,12.0,0.0,0.0,16.0,8.0,12.0,0.0,16.0,8.0,16.0,16.0,4.0,0.0,116.0,0.0,8.0,16.0,4.0,0.0,8.0,4.0,12.0,12.0,12.0,4.0,4.0,20.0,16.0,12.0,8.0,0.0,56.0,124.0,0.0,8.0,20.0,72.0,100.0,0.0,8.0,20.0,76.0,28.0,0.0,0.0,24.0,16.0,0.0,20.0,36.0,116.0,0.0
2,8.0,48.0,0.0,0.0,0.0,4.0,0.0,4.0,4.0,12.0,16.0,0.0,16.0,0.0,0.0,0.0,0.0,0.0,0.0,8.0,0.0,0.0,4.0,8.0,0.0,0.0,0.0,0.0,0.0,4.0,8.0,0.0,0.0,8.0,0.0,0.0,0.0,0.0,0.0,0.0,8.0,0.0,0.0,0.0,0.0,0.0,4.0,4.0,4.0,0.0,8.0,4.0,0.0,20.0,0.0,0.0,0.0,0.0,20.0,4.0,0.0,4.0,0.0,4.0,0.0,0.0,0.0,8.0,0.0,16.0,0.0,0.0,16.0,0.0,0.0,12.0,4.0,0.0,0.0,0.0,0.0,4.0,4.0,8.0,0.0,8.0,12.0,0.0,4.0,0.0,12.0,0.0
3,0.0,0.0,104.0,8.0,0.0,0.0,0.0,4.0,0.0,4.0,0.0,0.0,0.0,0.0,0.0,0.0,8.0,4.0,0.0,0.0,0.0,0.0,0.0,0.0,0.0,0.0,0.0,0.0,0.0,0.0,0.0,0.0,0.0,0.0,0.0,0.0,0.0,0.0,8.0,0.0,0.0,0.0,0.0,0.0,0.0,0.0,0.0,8.0,4.0,0.0,0.0,4.0,0.0,0.0,4.0,8.0,0.0,0.0,0.0,0.0,0.0,0.0,0.0,0.0,0.0,0.0,0.0,0.0,0.0,0.0,0.0,8.0,0.0,0.0,0.0,4.0,0.0,0.0,0.0,4.0,0.0,4.0,0.0,4.0,8.0,0.0,0.0,0.0,4.0,16.0,0.0,0.0
4,88.0,52.0,44.0,488.0,88.0,60.0,68.0,104.0,44.0,76.0,48.0,52.0,52.0,60.0,104.0,4.0,56.0,184.0,16.0,128.0,64.0,32.0,20.0,60.0,0.0,52.0,28.0,0.0,28.0,100.0,68.0,28.0,36.0,36.0,32.0,44.0,56.0,36.0,76.0,52.0,16.0,16.0,4.0,36.0,36.0,76.0,8.0,128.0,100.0,104.0,92.0,108.0,8.0,104.0,24.0,8.0,48.0,4.0,0.0,0.0,20.0,24.0,36.0,36.0,40.0,28.0,48.0,64.0,28.0,4.0,4.0,24.0,120.0,0.0,60.0,72.0,48.0,84.0,0.0,56.0,16.0,84.0,32.0,28.0,56.0,80.0,56.0,0.0,60.0,60.0,104.0,0.0
5,28.0,4.0,0.0,8.0,304.0,20.0,56.0,16.0,8.0,36.0,20.0,8.0,64.0,12.0,8.0,0.0,96.0,36.0,16.0,8.0,52.0,24.0,8.0,24.0,0.0,44.0,12.0,0.0,20.0,112.0,48.0,20.0,24.0,8.0,32.0,36.0,12.0,8.0,56.0,24.0,24.0,0.0,4.0,20.0,20.0,28.0,0.0,12.0,28.0,20.0,8.0,12.0,0.0,36.0,12.0,16.0,20.0,0.0,0.0,0.0,8.0,20.0,24.0,12.0,0.0,68.0,4.0,4.0,8.0,8.0,8.0,48.0,20.0,0.0,4.0,20.0,16.0,28.0,0.0,20.0,12.0,40.0,8.0,4.0,4.0,24.0,24.0,0.0,8.0,32.0,20.0,0.0
6,36.0,8.0,24.0,36.0,12.0,272.0,16.0,40.0,32.0,128.0,12.0,16.0,12.0,16.0,40.0,0.0,12.0,28.0,20.0,24.0,8.0,32.0,12.0,32.0,0.0,12.0,8.0,0.0,48.0,28.0,0.0,48.0,8.0,20.0,56.0,12.0,36.0,0.0,16.0,28.0,12.0,4.0,0.0,16.0,16.0,28.0,0.0,28.0,20.0,24.0,36.0,20.0,4.0,32.0,8.0,0.0,72.0,4.0,0.0,4.0,8.0,28.0,0.0,16.0,20.0,4.0,36.0,0.0,20.0,0.0,0.0,16.0,76.0,16.0,16.0,4.0,12.0,40.0,0.0,4.0,12.0,64.0,12.0,4.0,20.0,96.0,52.0,0.0,48.0,52.0,20.0,0.0
7,12.0,0.0,0.0,0.0,36.0,16.0,280.0,8.0,0.0,20.0,0.0,0.0,44.0,12.0,8.0,0.0,40.0,20.0,0.0,0.0,12.0,20.0,4.0,8.0,0.0,16.0,4.0,0.0,0.0,76.0,12.0,0.0,4.0,4.0,16.0,0.0,0.0,16.0,8.0,8.0,16.0,0.0,0.0,8.0,4.0,0.0,12.0,4.0,4.0,4.0,4.0,0.0,0.0,16.0,0.0,8.0,0.0,0.0,0.0,12.0,4.0,0.0,8.0,8.0,0.0,0.0,0.0,4.0,4.0,0.0,0.0,4.0,8.0,4.0,4.0,4.0,8.0,4.0,0.0,0.0,0.0,0.0,0.0,28.0,8.0,8.0,8.0,4.0,4.0,4.0,12.0,0.0
8,4.0,0.0,20.0,24.0,0.0,4.0,4.0,276.0,4.0,32.0,16.0,0.0,4.0,4.0,8.0,4.0,4.0,0.0,4.0,0.0,4.0,0.0,12.0,0.0,0.0,0.0,0.0,0.0,0.0,0.0,0.0,0.0,8.0,4.0,0.0,4.0,8.0,0.0,0.0,4.0,0.0,8.0,0.0,0.0,0.0,4.0,0.0,20.0,16.0,4.0,8.0,8.0,0.0,8.0,0.0,4.0,4.0,4.0,0.0,0.0,0.0,4.0,0.0,0.0,0.0,0.0,0.0,4.0,12.0,0.0,0.0,24.0,4.0,0.0,0.0,4.0,0.0,4.0,0.0,0.0,4.0,12.0,0.0,0.0,8.0,0.0,4.0,0.0,8.0,12.0,8.0,0.0
9,0.0,0.0,0.0,0.0,0.0,0.0,0.0,8.0,152.0,12.0,0.0,0.0,0.0,0.0,0.0,0.0,0.0,4.0,12.0,0.0,0.0,0.0,0.0,4.0,0.0,0.0,4.0,0.0,4.0,8.0,0.0,0.0,0.0,0.0,0.0,0.0,0.0,0.0,0.0,0.0,0.0,0.0,0.0,0.0,0.0,8.0,0.0,0.0,4.0,0.0,0.0,0.0,0.0,0.0,0.0,4.0,0.0,0.0,0.0,0.0,0.0,0.0,0.0,0.0,0.0,0.0,0.0,0.0,0.0,0.0,0.0,0.0,0.0,0.0,12.0,0.0,0.0,0.0,0.0,0.0,0.0,0.0,0.0,16.0,0.0,8.0,0.0,0.0,0.0,0.0,4.0,0.0
10,88.0,4.0,32.0,76.0,24.0,100.0,8.0,36.0,56.0,572.0,24.0,48.0,16.0,24.0,60.0,0.0,36.0,12.0,8.0,48.0,24.0,36.0,60.0,16.0,0.0,8.0,40.0,0.0,80.0,28.0,28.0,12.0,40.0,24.0,48.0,36.0,36.0,20.0,36.0,16.0,8.0,28.0,0.0,0.0,16.0,40.0,8.0,64.0,48.0,24.0,20.0,44.0,0.0,56.0,24.0,12.0,64.0,0.0,0.0,0.0,12.0,4.0,16.0,8.0,12.0,8.0,48.0,52.0,76.0,8.0,0.0,28.0,64.0,12.0,16.0,24.0,56.0,44.0,0.0,20.0,32.0,112.0,12.0,20.0,32.0,76.0,36.0,0.0,60.0,80.0,52.0,8.0
11,0.0,0.0,0.0,0.0,0.0,0.0,0.0,0.0,0.0,0.0,76.0,4.0,0.0,0.0,0.0,0.0,0.0,0.0,0.0,0.0,0.0,0.0,0.0,0.0,0.0,0.0,0.0,0.0,0.0,4.0,0.0,0.0,0.0,4.0,0.0,0.0,0.0,0.0,8.0,0.0,0.0,0.0,0.0,0.0,0.0,12.0,0.0,0.0,0.0,0.0,0.0,0.0,0.0,0.0,0.0,0.0,0.0,0.0,0.0,0.0,0.0,0.0,0.0,0.0,0.0,0.0,0.0,0.0,0.0,0.0,4.0,4.0,0.0,0.0,0.0,4.0,0.0,0.0,0.0,0.0,0.0,0.0,0.0,8.0,4.0,0.0,4.0,0.0,8.0,4.0,0.0,0.0
12,12.0,4.0,28.0,36.0,16.0,12.0,4.0,44.0,40.0,4.0,20.0,132.0,4.0,4.0,16.0,4.0,4.0,4.0,12.0,4.0,12.0,0.0,8.0,0.0,8.0,4.0,12.0,0.0,24.0,8.0,8.0,24.0,0.0,0.0,4.0,24.0,16.0,8.0,0.0,4.0,4.0,0.0,4.0,8.0,12.0,4.0,8.0,52.0,32.0,20.0,20.0,48.0,0.0,4.0,8.0,0.0,20.0,4.0,0.0,4.0,12.0,4.0,0.0,0.0,4.0,4.0,8.0,16.0,20.0,0.0,0.0,0.0,16.0,4.0,8.0,16.0,4.0,24.0,0.0,12.0,4.0,4.0,4.0,32.0,4.0,20.0,0.0,0.0,24.0,60.0,32.0,0.0
13,152.0,28.0,28.0,112.0,108.0,208.0,144.0,88.0,68.0,324.0,40.0,88.0,308.0,72.0,96.0,4.0,148.0,108.0,40.0,48.0,68.0,68.0,44.0,68.0,8.0,120.0,44.0,0.0,140.0,340.0,52.0,68.0,32.0,108.0,100.0,108.0,24.0,60.0,276.0,24.0,32.0,36.0,0.0,68.0,48.0,144.0,32.0,120.0,84.0,108.0,72.0,32.0,0.0,104.0,12.0,32.0,332.0,4.0,0.0,12.0,64.0,76.0,56.0,40.0,56.0,68.0,112.0,64.0,44.0,28.0,0.0,52.0,116.0,0.0,40.0,84.0,44.0,100.0,0.0,68.0,64.0,148.0,12.0,32.0,64.0,144.0,80.0,4.0,72.0,80.0,136.0,0.0
14,24.0,8.0,8.0,4.0,12.0,8.0,20.0,4.0,16.0,4.0,4.0,8.0,28.0,312.0,16.0,4.0,8.0,28.0,8.0,12.0,28.0,244.0,12.0,208.0,4.0,216.0,96.0,0.0,16.0,56.0,24.0,12.0,0.0,4.0,4.0,4.0,4.0,4.0,4.0,124.0,80.0,104.0,0.0,88.0,8.0,4.0,8.0,20.0,4.0,4.0,8.0,4.0,0.0,48.0,0.0,88.0,12.0,0.0,4.0,40.0,128.0,124.0,32.0,72.0,4.0,220.0,12.0,16.0,0.0,8.0,0.0,16.0,16.0,0.0,12.0,0.0,48.0,40.0,0.0,4.0,16.0,4.0,0.0,44.0,4.0,24.0,8.0,0.0,12.0,24.0,24.0,0.0
15,156.0,40.0,116.0,172.0,136.0,144.0,132.0,164.0,136.0,320.0,164.0,168.0,144.0,56.0,672.0,0.0,164.0,172.0,88.0,80.0,144.0,48.0,128.0,84.0,12.0,52.0,40.0,4.0,108.0,188.0,48.0,180.0,76.0,116.0,116.0,148.0,144.0,144.0,180.0,108.0,52.0,36.0,4.0,56.0,100.0,104.0,20.0,240.0,304.0,184.0,164.0,228.0,20.0,96.0,48.0,32.0,284.0,0.0,8.0,36.0,36.0,68.0,76.0,60.0,128.0,56.0,124.0,128.0,144.0,8.0,0.0,260.0,96.0,8.0,204.0,156.0,104.0,120.0,0.0,96.0,100.0,148.0,28.0,100.0,120.0,152.0,144.0,0.0,172.0,348.0,156.0,8.0
16,12.0,0.0,0.0,0.0,0.0,0.0,0.0,0.0,0.0,0.0,0.0,0.0,0.0,0.0,0.0,104.0,0.0,0.0,0.0,0.0,0.0,0.0,20.0,0.0,112.0,8.0,0.0,52.0,0.0,4.0,0.0,0.0,0.0,0.0,0.0,0.0,0.0,0.0,0.0,0.0,0.0,0.0,36.0,0.0,0.0,0.0,0.0,0.0,0.0,0.0,0.0,0.0,0.0,0.0,0.0,0.0,0.0,8.0,52.0,0.0,0.0,0.0,0.0,0.0,0.0,0.0,0.0,0.0,0.0,0.0,28.0,0.0,0.0,0.0,0.0,0.0,8.0,0.0,0.0,0.0,0.0,0.0,0.0,0.0,0.0,0.0,0.0,32.0,0.0,0.0,0.0,0.0
17,4.0,0.0,0.0,8.0,20.0,12.0,24.0,4.0,0.0,32.0,4.0,20.0,12.0,4.0,12.0,0.0,404.0,24.0,28.0,12.0,44.0,24.0,52.0,12.0,0.0,0.0,8.0,0.0,8.0,16.0,24.0,48.0,12.0,20.0,0.0,12.0,0.0,28.0,16.0,16.0,0.0,8.0,0.0,12.0,4.0,16.0,0.0,28.0,36.0,8.0,8.0,4.0,0.0,12.0,0.0,12.0,0.0,0.0,0.0,0.0,12.0,24.0,0.0,4.0,4.0,4.0,12.0,12.0,12.0,0.0,4.0,0.0,20.0,4.0,8.0,0.0,0.0,0.0,0.0,8.0,4.0,0.0,0.0,0.0,20.0,4.0,44.0,0.0,12.0,16.0,20.0,0.0
18,12.0,8.0,4.0,16.0,4.0,4.0,28.0,4.0,12.0,36.0,0.0,0.0,0.0,12.0,8.0,0.0,24.0,508.0,0.0,80.0,12.0,40.0,0.0,4.0,0.0,16.0,28.0,0.0,4.0,8.0,36.0,0.0,0.0,4.0,8.0,0.0,16.0,8.0,20.0,4.0,0.0,32.0,0.0,4.0,0.0,8.0,12.0,8.0,12.0,4.0,16.0,8.0,0.0,100.0,0.0,24.0,0.0,0.0,0.0,0.0,0.0,0.0,12.0,4.0,24.0,0.0,24.0,0.0,0.0,28.0,0.0,4.0,76.0,0.0,0.0,0.0,60.0,0.0,0.0,0.0,0.0,12.0,4.0,4.0,0.0,0.0,0.0,0.0,12.0,16.0,32.0,4.0
19,24.0,0.0,8.0,4.0,12.0,0.0,0.0,0.0,0.0,0.0,0.0,12.0,0.0,0.0,0.0,0.0,16.0,4.0,244.0,0.0,8.0,20.0,28.0,0.0,0.0,0.0,0.0,0.0,0.0,0.0,8.0,20.0,0.0,4.0,4.0,4.0,0.0,0.0,0.0,0.0,0.0,0.0,0.0,20.0,0.0,12.0,0.0,4.0,4.0,0.0,8.0,0.0,0.0,0.0,0.0,0.0,0.0,0.0,4.0,0.0,0.0,0.0,0.0,0.0,4.0,0.0,0.0,36.0,4.0,4.0,0.0,24.0,0.0,0.0,0.0,4.0,4.0,0.0,0.0,0.0,0.0,0.0,0.0,16.0,8.0,4.0,0.0,0.0,4.0,8.0,0.0,0.0
20,188.0,28.0,12.0,60.0,16.0,36.0,52.0,64.0,8.0,52.0,20.0,44.0,28.0,24.0,36.0,0.0,44.0,328.0,0.0,404.0,24.0,24.0,8.0,20.0,0.0,48.0,36.0,4.0,32.0,28.0,32.0,52.0,24.0,12.0,24.0,24.0,28.0,24.0,20.0,8.0,28.0,8.0,0.0,48.0,32.0,8.0,0.0,24.0,24.0,44.0,40.0,16.0,4.0,584.0,4.0,4.0,36.0,0.0,0.0,8.0,32.0,24.0,68.0,64.0,4.0,20.0,32.0,4.0,40.0,24.0,0.0,48.0,268.0,24.0,8.0,12.0,224.0,140.0,0.0,8.0,12.0,44.0,0.0,36.0,24.0,16.0,32.0,0.0,24.0,56.0,220.0,0.0
21,4.0,16.0,12.0,44.0,68.0,12.0,52.0,24.0,8.0,24.0,20.0,24.0,36.0,20.0,76.0,0.0,72.0,24.0,32.0,12.0,400.0,32.0,88.0,8.0,0.0,4.0,8.0,0.0,20.0,40.0,36.0,68.0,28.0,0.0,8.0,24.0,56.0,12.0,0.0,8.0,0.0,16.0,0.0,28.0,0.0,28.0,4.0,40.0,24.0,40.0,40.0,20.0,4.0,36.0,12.0,8.0,28.0,0.0,0.0,0.0,28.0,16.0,12.0,0.0,12.0,40.0,0.0,32.0,8.0,4.0,0.0,20.0,20.0,0.0,20.0,20.0,16.0,24.0,0.0,12.0,12.0,36.0,4.0,8.0,40.0,28.0,28.0,4.0,52.0,12.0,16.0,0.0
22,140.0,20.0,80.0,120.0,176.0,92.0,196.0,132.0,152.0,368.0,56.0,112.0,220.0,456.0,120.0,44.0,168.0,316.0,76.0,136.0,80.0,1344.0,56.0,684.0,20.0,824.0,560.0,0.0,116.0,360.0,228.0,104.0,44.0,56.0,124.0,136.0,128.0,80.0,76.0,540.0,392.0,608.0,16.0,812.0,72.0,76.0,8.0,192.0,240.0,128.0,128.0,196.0,8.0,196.0,56.0,292.0,244.0,4.0,32.0,188.0,420.0,340.0,124.0,380.0,72.0,696.0,72.0,104.0,72.0,20.0,4.0,96.0,200.0,32.0,120.0,76.0,100.0,192.0,0.0,52.0,92.0,144.0,20.0,40.0,112.0,220.0,116.0,0.0,128.0,164.0,192.0,8.0
23,28.0,8.0,48.0,96.0,48.0,72.0,96.0,96.0,24.0,64.0,16.0,20.0,48.0,20.0,64.0,0.0,216.0,48.0,172.0,40.0,192.0,32.0,468.0,36.0,0.0,12.0,28.0,8.0,24.0,92.0,20.0,96.0,52.0,20.0,68.0,36.0,100.0,52.0,52.0,52.0,0.0,36.0,4.0,40.0,12.0,36.0,4.0,68.0,108.0,72.0,68.0,64.0,4.0,52.0,40.0,12.0,88.0,0.0,4.0,0.0,20.0,28.0,24.0,4.0,56.0,28.0,28.0,80.0,32.0,8.0,0.0,32.0,44.0,4.0,36.0,92.0,40.0,16.0,0.0,48.0,0.0,36.0,8.0,52.0,36.0,56.0,56.0,4.0,80.0,92.0,40.0,8.0
24,4.0,0.0,32.0,28.0,68.0,24.0,56.0,12.0,16.0,56.0,44.0,8.0,72.0,340.0,56.0,4.0,56.0,64.0,20.0,28.0,28.0,312.0,20.0,556.0,16.0,196.0,176.0,0.0,52.0,116.0,100.0,28.0,28.0,36.0,52.0,28.0,44.0,20.0,44.0,224.0,148.0,224.0,8.0,324.0,28.0,56.0,4.0,36.0,36.0,48.0,16.0,44.0,0.0,60.0,4.0,140.0,56.0,8.0,4.0,40.0,284.0,184.0,36.0,96.0,20.0,240.0,36.0,12.0,32.0,16.0,0.0,28.0,44.0,4.0,36.0,16.0,28.0,32.0,0.0,8.0,8.0,32.0,12.0,24.0,28.0,48.0,40.0,0.0,20.0,48.0,60.0,0.0
25,4.0,0.0,0.0,4.0,0.0,4.0,4.0,0.0,0.0,0.0,0.0,0.0,4.0,0.0,0.0,12.0,0.0,0.0,8.0,0.0,4.0,12.0,0.0,4.0,320.0,4.0,0.0,120.0,0.0,4.0,0.0,0.0,0.0,0.0,0.0,0.0,0.0,0.0,0.0,0.0,4.0,0.0,48.0,0.0,0.0,0.0,0.0,0.0,0.0,0.0,0.0,0.0,0.0,0.0,4.0,0.0,0.0,4.0,36.0,0.0,0.0,0.0,0.0,0.0,4.0,0.0,0.0,0.0,0.0,8.0,12.0,0.0,12.0,4.0,0.0,0.0,0.0,0.0,0.0,0.0,0.0,0.0,0.0,0.0,4.0,0.0,0.0,32.0,0.0,0.0,20.0,0.0
26,0.0,0.0,0.0,12.0,20.0,20.0,8.0,4.0,8.0,0.0,4.0,0.0,0.0,32.0,4.0,0.0,0.0,16.0,0.0,4.0,0.0,28.0,0.0,16.0,0.0,996.0,12.0,0.0,0.0,8.0,12.0,0.0,0.0,0.0,0.0,0.0,0.0,0.0,8.0,12.0,20.0,28.0,0.0,24.0,0.0,0.0,8.0,0.0,0.0,4.0,0.0,0.0,0.0,0.0,0.0,0.0,0.0,0.0,0.0,4.0,16.0,28.0,0.0,8.0,0.0,0.0,0.0,0.0,0.0,4.0,0.0,0.0,12.0,0.0,0.0,0.0,4.0,0.0,0.0,0.0,0.0,0.0,0.0,0.0,4.0,4.0,0.0,0.0,0.0,0.0,4.0,0.0
27,0.0,0.0,0.0,0.0,4.0,0.0,12.0,0.0,0.0,0.0,8.0,0.0,0.0,32.0,12.0,4.0,4.0,0.0,0.0,0.0,0.0,48.0,0.0,28.0,0.0,12.0,432.0,0.0,4.0,24.0,8.0,0.0,4.0,4.0,8.0,4.0,0.0,0.0,4.0,68.0,72.0,84.0,0.0,20.0,4.0,12.0,4.0,8.0,16.0,0.0,0.0,4.0,0.0,0.0,0.0,0.0,8.0,0.0,0.0,16.0,28.0,48.0,0.0,32.0,4.0,28.0,0.0,0.0,4.0,0.0,0.0,4.0,0.0,0.0,0.0,8.0,0.0,0.0,0.0,0.0,0.0,8.0,0.0,4.0,12.0,8.0,0.0,0.0,0.0,0.0,0.0,0.0
28,16.0,4.0,0.0,0.0,4.0,0.0,0.0,0.0,0.0,0.0,0.0,0.0,0.0,0.0,8.0,76.0,8.0,4.0,0.0,0.0,4.0,0.0,0.0,0.0,148.0,0.0,0.0,144.0,4.0,4.0,0.0,0.0,0.0,0.0,0.0,4.0,0.0,0.0,0.0,0.0,0.0,0.0,8.0,0.0,0.0,0.0,4.0,0.0,0.0,0.0,0.0,0.0,0.0,4.0,0.0,4.0,0.0,0.0,80.0,0.0,0.0,0.0,0.0,0.0,0.0,12.0,0.0,0.0,0.0,0.0,0.0,0.0,4.0,0.0,0.0,0.0,0.0,0.0,0.0,0.0,0.0,0.0,4.0,0.0,0.0,4.0,0.0,16.0,0.0,4.0,0.0,4.0
29,136.0,48.0,108.0,200.0,80.0,296.0,56.0,140.0,112.0,384.0,76.0,84.0,124.0,28.0,128.0,4.0,116.0,172.0,32.0,84.0,64.0,80.0,92.0,36.0,4.0,68.0,56.0,0.0,260.0,160.0,36.0,68.0,88.0,88.0,80.0,128.0,52.0,76.0,104.0,92.0,12.0,32.0,0.0,60.0,76.0,120.0,24.0,152.0,184.0,92.0,124.0,164.0,20.0,188.0,64.0,28.0,316.0,4.0,0.0,8.0,36.0,88.0,52.0,36.0,56.0,12.0,116.0,76.0,152.0,60.0,0.0,112.0,300.0,20.0,112.0,104.0,108.0,208.0,0.0,40.0,88.0,220.0,40.0,80.0,76.0,168.0,88.0,4.0,184.0,212.0,192.0,0.0
30,76.0,44.0,44.0,60.0,296.0,148.0,256.0,100.0,52.0,144.0,88.0,52.0,208.0,116.0,124.0,4.0,196.0,236.0,44.0,136.0,124.0,136.0,40.0,100.0,0.0,188.0,148.0,0.0,76.0,1052.0,148.0,24.0,84.0,60.0,124.0,72.0,16.0,36.0,204.0,108.0,100.0,128.0,0.0,216.0,68.0,108.0,16.0,120.0,140.0,68.0,32.0,72.0,0.0,268.0,36.0,48.0,128.0,4.0,4.0,44.0,124.0,256.0,196.0,40.0,64.0,84.0,60.0,32.0,60.0,8.0,0.0,72.0,76.0,12.0,60.0,116.0,52.0,92.0,0.0,28.0,32.0,52.0,32.0,24.0,60.0,108.0,72.0,0.0,80.0,48.0,64.0,0.0
31,0.0,8.0,4.0,4.0,48.0,8.0,28.0,16.0,0.0,8.0,0.0,8.0,16.0,48.0,40.0,0.0,44.0,68.0,4.0,12.0,12.0,44.0,0.0,60.0,4.0,72.0,44.0,0.0,4.0,80.0,280.0,0.0,20.0,8.0,16.0,4.0,0.0,0.0,16.0,12.0,40.0,24.0,0.0,84.0,4.0,52.0,0.0,4.0,28.0,8.0,8.0,8.0,8.0,8.0,8.0,24.0,0.0,0.0,0.0,20.0,28.0,96.0,24.0,28.0,16.0,28.0,4.0,0.0,20.0,0.0,0.0,16.0,0.0,8.0,12.0,0.0,0.0,28.0,0.0,0.0,4.0,16.0,4.0,0.0,32.0,8.0,20.0,0.0,8.0,0.0,0.0,0.0
32,428.0,36.0,280.0,688.0,320.0,388.0,232.0,628.0,388.0,732.0,248.0,348.0,392.0,124.0,524.0,4.0,440.0,304.0,344.0,136.0,428.0,184.0,452.0,148.0,16.0,128.0,104.0,0.0,328.0,392.0,128.0,920.0,80.0,168.0,280.0,200.0,432.0,332.0,440.0,176.0,92.0,136.0,4.0,200.0,236.0,236.0,40.0,552.0,508.0,356.0,468.0,392.0,40.0,356.0,152.0,72.0,544.0,4.0,16.0,64.0,176.0,168.0,84.0,144.0,224.0,112.0,192.0,352.0,340.0,52.0,4.0,280.0,408.0,24.0,244.0,548.0,192.0,420.0,0.0,280.0,128.0,516.0,76.0,260.0,312.0,332.0,200.0,0.0,336.0,724.0,412.0,4.0
33,88.0,0.0,92.0,220.0,32.0,112.0,92.0,164.0,128.0,60.0,84.0,160.0,76.0,52.0,232.0,0.0,88.0,112.0,44.0,20.0,104.0,24.0,80.0,60.0,4.0,48.0,40.0,0.0,24.0,100.0,56.0,64.0,296.0,20.0,16.0,152.0,84.0,52.0,48.0,80.0,36.0,36.0,4.0,44.0,36.0,36.0,32.0,348.0,152.0,240.0,96.0,220.0,28.0,88.0,64.0,24.0,48.0,0.0,4.0,16.0,40.0,48.0,92.0,8.0,80.0,4.0,24.0,112.0,88.0,4.0,4.0,124.0,92.0,4.0,144.0,64.0,24.0,44.0,0.0,84.0,32.0,64.0,4.0,116.0,224.0,52.0,56.0,0.0,116.0,188.0,76.0,0.0
34,24.0,0.0,8.0,0.0,12.0,44.0,12.0,20.0,0.0,20.0,4.0,20.0,32.0,0.0,0.0,0.0,0.0,8.0,4.0,0.0,4.0,8.0,8.0,12.0,0.0,4.0,0.0,0.0,32.0,8.0,0.0,20.0,0.0,64.0,20.0,8.0,8.0,20.0,60.0,4.0,0.0,8.0,0.0,4.0,16.0,12.0,8.0,12.0,4.0,12.0,36.0,16.0,0.0,4.0,8.0,0.0,60.0,0.0,0.0,0.0,4.0,0.0,4.0,16.0,12.0,8.0,16.0,4.0,0.0,4.0,0.0,4.0,8.0,0.0,0.0,16.0,0.0,16.0,0.0,4.0,4.0,28.0,12.0,12.0,8.0,32.0,16.0,0.0,12.0,20.0,40.0,0.0
35,24.0,4.0,40.0,60.0,40.0,80.0,0.0,28.0,20.0,100.0,20.0,12.0,96.0,12.0,28.0,0.0,52.0,36.0,24.0,8.0,28.0,16.0,4.0,16.0,0.0,36.0,24.0,0.0,28.0,48.0,28.0,24.0,16.0,48.0,132.0,32.0,16.0,16.0,40.0,4.0,12.0,4.0,0.0,8.0,16.0,56.0,8.0,44.0,40.0,40.0,8.0,56.0,0.0,28.0,0.0,0.0,52.0,0.0,0.0,4.0,24.0,16.0,16.0,0.0,12.0,8.0,64.0,4.0,4.0,0.0,0.0,16.0,16.0,0.0,16.0,32.0,44.0,0.0,0.0,20.0,4.0,80.0,0.0,4.0,8.0,40.0,48.0,0.0,12.0,32.0,36.0,0.0
36,76.0,8.0,20.0,60.0,32.0,60.0,20.0,64.0,4.0,108.0,44.0,20.0,16.0,12.0,112.0,0.0,36.0,36.0,24.0,20.0,36.0,16.0,44.0,12.0,0.0,24.0,24.0,0.0,48.0,32.0,32.0,80.0,40.0,12.0,40.0,184.0,52.0,44.0,28.0,12.0,8.0,16.0,4.0,0.0,40.0,16.0,8.0,92.0,32.0,52.0,44.0,60.0,8.0,32.0,8.0,20.0,24.0,0.0,8.0,4.0,8.0,16.0,12.0,4.0,52.0,32.0,8.0,40.0,36.0,0.0,8.0,108.0,24.0,8.0,64.0,32.0,60.0,32.0,0.0,16.0,24.0,32.0,12.0,20.0,60.0,40.0,16.0,0.0,64.0,88.0,32.0,0.0
37,104.0,16.0,48.0,76.0,84.0,152.0,48.0,108.0,84.0,148.0,44.0,104.0,112.0,48.0,108.0,4.0,148.0,92.0,136.0,48.0,180.0,60.0,236.0,56.0,4.0,52.0,44.0,4.0,76.0,136.0,40.0,260.0,28.0,12.0,60.0,56.0,332.0,124.0,164.0,36.0,12.0,44.0,0.0,52.0,40.0,48.0,4.0,76.0,140.0,88.0,108.0,120.0,8.0,48.0,52.0,4.0,140.0,0.0,16.0,12.0,60.0,76.0,32.0,36.0,120.0,36.0,60.0,120.0,72.0,48.0,0.0,112.0,128.0,16.0,60.0,160.0,52.0,60.0,0.0,120.0,48.0,64.0,8.0,44.0,112.0,96.0,44.0,0.0,80.0,192.0,100.0,0.0
38,4.0,0.0,8.0,32.0,20.0,8.0,28.0,52.0,16.0,68.0,24.0,52.0,20.0,12.0,12.0,0.0,44.0,12.0,36.0,8.0,16.0,8.0,16.0,16.0,0.0,4.0,4.0,0.0,4.0,24.0,40.0,16.0,28.0,4.0,8.0,36.0,24.0,88.0,16.0,0.0,4.0,8.0,0.0,12.0,44.0,4.0,4.0,36.0,52.0,20.0,4.0,36.0,0.0,36.0,4.0,12.0,28.0,0.0,0.0,12.0,4.0,0.0,8.0,8.0,36.0,0.0,20.0,36.0,8.0,0.0,0.0,40.0,28.0,0.0,36.0,40.0,20.0,24.0,0.0,16.0,12.0,20.0,0.0,4.0,24.0,28.0,4.0,0.0,20.0,56.0,20.0,0.0
39,48.0,12.0,20.0,60.0,124.0,76.0,20.0,40.0,40.0,68.0,4.0,20.0,64.0,16.0,56.0,0.0,44.0,64.0,24.0,8.0,52.0,24.0,24.0,12.0,0.0,4.0,24.0,0.0,72.0,128.0,16.0,68.0,20.0,28.0,60.0,24.0,24.0,8.0,312.0,52.0,12.0,12.0,8.0,44.0,16.0,52.0,8.0,96.0,72.0,36.0,44.0,36.0,12.0,12.0,12.0,16.0,56.0,0.0,4.0,8.0,68.0,88.0,44.0,24.0,48.0,20.0,36.0,32.0,40.0,8.0,0.0,60.0,40.0,20.0,60.0,20.0,8.0,64.0,0.0,52.0,16.0,40.0,16.0,0.0,8.0,72.0,68.0,0.0,48.0,68.0,68.0,4.0
40,0.0,0.0,4.0,0.0,8.0,0.0,0.0,0.0,0.0,4.0,0.0,0.0,0.0,28.0,0.0,4.0,8.0,4.0,0.0,8.0,4.0,56.0,0.0,12.0,0.0,8.0,96.0,0.0,0.0,16.0,4.0,0.0,4.0,0.0,0.0,0.0,4.0,0.0,0.0,260.0,16.0,40.0,0.0,40.0,0.0,4.0,4.0,0.0,4.0,0.0,0.0,4.0,0.0,20.0,4.0,8.0,0.0,4.0,0.0,0.0,4.0,4.0,0.0,32.0,0.0,32.0,0.0,0.0,4.0,0.0,4.0,0.0,0.0,0.0,4.0,0.0,16.0,0.0,0.0,0.0,0.0,0.0,0.0,0.0,4.0,0.0,4.0,0.0,4.0,0.0,8.0,0.0
41,4.0,0.0,0.0,0.0,0.0,0.0,4.0,4.0,0.0,0.0,8.0,0.0,4.0,44.0,0.0,0.0,0.0,56.0,4.0,4.0,0.0,32.0,0.0,40.0,0.0,12.0,76.0,0.0,0.0,4.0,8.0,4.0,4.0,0.0,4.0,0.0,0.0,4.0,4.0,52.0,648.0,116.0,4.0,12.0,0.0,4.0,0.0,0.0,8.0,8.0,0.0,8.0,0.0,20.0,4.0,40.0,0.0,0.0,0.0,68.0,24.0,0.0,0.0,12.0,0.0,24.0,8.0,0.0,0.0,0.0,0.0,0.0,16.0,0.0,4.0,0.0,0.0,12.0,0.0,4.0,0.0,8.0,0.0,0.0,0.0,4.0,0.0,0.0,0.0,8.0,0.0,0.0
42,8.0,4.0,4.0,16.0,28.0,8.0,8.0,0.0,0.0,4.0,0.0,8.0,0.0,52.0,4.0,0.0,4.0,8.0,4.0,0.0,4.0,32.0,0.0,20.0,0.0,48.0,72.0,0.0,4.0,44.0,16.0,4.0,4.0,4.0,0.0,4.0,0.0,0.0,8.0,68.0,96.0,564.0,4.0,52.0,0.0,0.0,0.0,4.0,0.0,4.0,0.0,0.0,0.0,8.0,0.0,12.0,4.0,4.0,0.0,144.0,20.0,36.0,12.0,40.0,0.0,48.0,0.0,8.0,0.0,0.0,0.0,0.0,8.0,0.0,8.0,4.0,24.0,0.0,0.0,0.0,0.0,8.0,0.0,0.0,4.0,4.0,0.0,0.0,8.0,0.0,4.0,0.0
43,0.0,4.0,0.0,4.0,12.0,0.0,0.0,0.0,0.0,0.0,0.0,0.0,0.0,0.0,0.0,28.0,0.0,0.0,0.0,0.0,0.0,0.0,0.0,0.0,48.0,0.0,4.0,20.0,0.0,0.0,4.0,0.0,0.0,0.0,0.0,0.0,0.0,0.0,0.0,0.0,0.0,0.0,92.0,4.0,0.0,0.0,0.0,0.0,0.0,0.0,0.0,0.0,0.0,4.0,0.0,0.0,0.0,32.0,88.0,16.0,0.0,8.0,0.0,0.0,0.0,0.0,0.0,0.0,0.0,4.0,60.0,0.0,0.0,0.0,0.0,0.0,0.0,0.0,0.0,0.0,0.0,0.0,0.0,0.0,0.0,0.0,0.0,56.0,0.0,0.0,0.0,0.0
44,32.0,24.0,12.0,12.0,24.0,68.0,32.0,40.0,16.0,76.0,24.0,24.0,112.0,304.0,52.0,0.0,48.0,92.0,20.0,32.0,20.0,400.0,28.0,204.0,0.0,184.0,208.0,0.0,16.0,124.0,84.0,48.0,20.0,28.0,24.0,40.0,20.0,24.0,24.0,228.0,92.0,236.0,4.0,544.0,32.0,24.0,0.0,28.0,24.0,16.0,32.0,44.0,4.0,48.0,28.0,116.0,28.0,4.0,0.0,116.0,164.0,124.0,48.0,140.0,8.0,272.0,16.0,20.0,4.0,16.0,0.0,56.0,68.0,8.0,40.0,28.0,16.0,12.0,0.0,28.0,4.0,20.0,0.0,24.0,60.0,88.0,72.0,4.0,8.0,36.0,60.0,0.0
45,24.0,8.0,32.0,40.0,28.0,48.0,4.0,52.0,64.0,72.0,20.0,40.0,20.0,4.0,40.0,0.0,12.0,44.0,28.0,16.0,16.0,24.0,24.0,24.0,0.0,0.0,4.0,8.0,28.0,12.0,12.0,44.0,68.0,8.0,12.0,32.0,48.0,68.0,36.0,0.0,8.0,8.0,4.0,12.0,140.0,20.0,8.0,84.0,60.0,60.0,56.0,40.0,4.0,28.0,8.0,28.0,28.0,0.0,0.0,4.0,0.0,16.0,0.0,0.0,64.0,8.0,20.0,80.0,32.0,16.0,0.0,24.0,28.0,16.0,36.0,28.0,4.0,52.0,0.0,60.0,12.0,72.0,4.0,52.0,44.0,8.0,20.0,0.0,16.0,56.0,60.0,0.0
46,24.0,0.0,8.0,16.0,12.0,24.0,4.0,16.0,12.0,64.0,4.0,16.0,8.0,0.0,8.0,0.0,40.0,16.0,12.0,0.0,0.0,8.0,12.0,4.0,0.0,16.0,36.0,0.0,4.0,16.0,12.0,4.0,0.0,40.0,4.0,12.0,0.0,0.0,36.0,0.0,8.0,8.0,0.0,12.0,0.0,72.0,0.0,20.0,16.0,8.0,8.0,16.0,0.0,0.0,0.0,0.0,28.0,0.0,0.0,0.0,0.0,0.0,0.0,8.0,0.0,0.0,32.0,8.0,4.0,0.0,4.0,4.0,8.0,0.0,0.0,12.0,0.0,12.0,0.0,12.0,16.0,12.0,0.0,0.0,12.0,4.0,12.0,0.0,0.0,16.0,28.0,0.0
47,0.0,0.0,0.0,24.0,0.0,0.0,0.0,24.0,4.0,4.0,4.0,4.0,8.0,0.0,4.0,0.0,4.0,4.0,4.0,4.0,0.0,0.0,0.0,0.0,0.0,0.0,0.0,0.0,0.0,20.0,0.0,0.0,8.0,0.0,4.0,4.0,4.0,0.0,4.0,0.0,0.0,0.0,4.0,0.0,4.0,16.0,64.0,20.0,4.0,16.0,0.0,4.0,12.0,4.0,4.0,0.0,0.0,0.0,0.0,0.0,0.0,4.0,8.0,0.0,4.0,0.0,0.0,0.0,4.0,0.0,0.0,4.0,4.0,0.0,4.0,8.0,0.0,0.0,0.0,0.0,0.0,0.0,4.0,16.0,12.0,0.0,0.0,0.0,4.0,8.0,4.0,0.0
48,0.0,16.0,16.0,20.0,4.0,0.0,4.0,64.0,32.0,20.0,32.0,36.0,12.0,12.0,20.0,0.0,8.0,4.0,8.0,8.0,8.0,12.0,4.0,0.0,0.0,4.0,8.0,0.0,0.0,16.0,0.0,4.0,4.0,0.0,8.0,12.0,12.0,0.0,0.0,4.0,0.0,0.0,0.0,0.0,4.0,0.0,0.0,256.0,56.0,20.0,16.0,24.0,0.0,8.0,16.0,0.0,12.0,0.0,0.0,4.0,4.0,0.0,8.0,0.0,8.0,4.0,0.0,8.0,36.0,0.0,0.0,8.0,0.0,0.0,68.0,8.0,0.0,32.0,0.0,0.0,0.0,16.0,0.0,8.0,24.0,0.0,8.0,0.0,4.0,12.0,4.0,0.0
49,24.0,4.0,92.0,76.0,56.0,52.0,56.0,100.0,48.0,88.0,92.0,100.0,40.0,12.0,188.0,0.0,52.0,44.0,24.0,52.0,88.0,36.0,40.0,44.0,4.0,44.0,12.0,0.0,32.0,40.0,12.0,36.0,96.0,40.0,52.0,40.0,28.0,28.0,64.0,68.0,8.0,32.0,0.0,88.0,36.0,16.0,0.0,180.0,400.0,92.0,52.0,136.0,0.0,112.0,32.0,12.0,36.0,0.0,0.0,0.0,12.0,12.0,20.0,24.0,28.0,28.0,8.0,40.0,96.0,20.0,4.0,56.0,44.0,4.0,92.0,20.0,24.0,52.0,0.0,24.0,24.0,40.0,12.0,72.0,68.0,28.0,32.0,0.0,40.0,116.0,56.0,4.0
50,4.0,0.0,4.0,36.0,4.0,20.0,0.0,28.0,24.0,72.0,56.0,40.0,0.0,0.0,24.0,4.0,8.0,20.0,0.0,16.0,32.0,12.0,8.0,12.0,0.0,0.0,0.0,0.0,0.0,20.0,0.0,16.0,8.0,36.0,8.0,0.0,12.0,8.0,0.0,8.0,4.0,8.0,0.0,8.0,8.0,4.0,0.0,64.0,52.0,108.0,24.0,28.0,0.0,44.0,8.0,8.0,36.0,0.0,0.0,0.0,0.0,0.0,12.0,0.0,0.0,0.0,8.0,28.0,28.0,0.0,0.0,8.0,24.0,0.0,20.0,20.0,0.0,0.0,0.0,24.0,4.0,24.0,0.0,44.0,16.0,24.0,12.0,0.0,8.0,40.0,12.0,0.0
51,40.0,4.0,12.0,112.0,24.0,44.0,24.0,112.0,52.0,128.0,64.0,68.0,20.0,36.0,108.0,0.0,8.0,60.0,0.0,36.0,40.0,24.0,28.0,44.0,0.0,44.0,0.0,4.0,80.0,44.0,36.0,24.0,48.0,28.0,44.0,80.0,40.0,24.0,48.0,24.0,16.0,16.0,8.0,8.0,8.0,72.0,0.0,108.0,112.0,148.0,204.0,104.0,0.0,148.0,28.0,16.0,60.0,0.0,0.0,4.0,24.0,24.0,4.0,4.0,32.0,4.0,32.0,16.0,60.0,0.0,0.0,100.0,116.0,8.0,44.0,40.0,8.0,68.0,0.0,40.0,44.0,60.0,8.0,52.0,60.0,72.0,16.0,0.0,68.0,100.0,136.0,0.0
52,8.0,0.0,4.0,16.0,8.0,4.0,8.0,20.0,12.0,28.0,8.0,4.0,0.0,8.0,16.0,0.0,0.0,0.0,0.0,4.0,4.0,4.0,4.0,4.0,4.0,0.0,0.0,0.0,8.0,8.0,4.0,4.0,0.0,0.0,12.0,24.0,8.0,8.0,8.0,8.0,0.0,8.0,0.0,4.0,4.0,0.0,0.0,20.0,16.0,4.0,16.0,208.0,16.0,20.0,20.0,0.0,0.0,0.0,0.0,0.0,0.0,20.0,4.0,4.0,0.0,16.0,0.0,16.0,4.0,0.0,4.0,24.0,8.0,0.0,4.0,12.0,4.0,0.0,0.0,4.0,12.0,8.0,0.0,4.0,12.0,8.0,0.0,0.0,8.0,32.0,16.0,0.0
53,0.0,0.0,0.0,12.0,0.0,0.0,0.0,0.0,0.0,0.0,4.0,0.0,0.0,0.0,4.0,0.0,0.0,0.0,0.0,0.0,0.0,0.0,0.0,0.0,0.0,0.0,0.0,0.0,0.0,0.0,0.0,0.0,0.0,0.0,0.0,8.0,0.0,0.0,0.0,4.0,0.0,0.0,0.0,0.0,0.0,0.0,12.0,0.0,0.0,0.0,0.0,0.0,0.0,0.0,0.0,0.0,0.0,0.0,0.0,0.0,0.0,0.0,0.0,0.0,0.0,0.0,0.0,0.0,0.0,0.0,0.0,0.0,0.0,0.0,0.0,0.0,0.0,0.0,0.0,0.0,0.0,0.0,0.0,0.0,0.0,0.0,0.0,0.0,0.0,0.0,0.0,0.0
54,80.0,0.0,4.0,52.0,8.0,16.0,4.0,24.0,0.0,76.0,20.0,12.0,8.0,20.0,12.0,0.0,12.0,108.0,0.0,132.0,8.0,16.0,8.0,24.0,0.0,16.0,4.0,0.0,20.0,28.0,24.0,12.0,32.0,12.0,8.0,0.0,4.0,12.0,16.0,12.0,8.0,8.0,0.0,16.0,8.0,20.0,4.0,32.0,40.0,12.0,12.0,44.0,0.0,516.0,24.0,16.0,28.0,0.0,4.0,4.0,4.0,20.0,4.0,12.0,12.0,24.0,0.0,16.0,32.0,4.0,0.0,28.0,176.0,8.0,24.0,4.0,132.0,116.0,0.0,0.0,8.0,28.0,12.0,4.0,4.0,4.0,16.0,0.0,24.0,12.0,116.0,0.0
55,8.0,0.0,12.0,8.0,0.0,16.0,0.0,28.0,0.0,4.0,20.0,24.0,4.0,0.0,16.0,4.0,28.0,8.0,0.0,4.0,0.0,0.0,8.0,0.0,0.0,8.0,4.0,0.0,4.0,0.0,0.0,0.0,0.0,4.0,4.0,4.0,4.0,4.0,4.0,4.0,0.0,0.0,0.0,4.0,0.0,4.0,0.0,28.0,24.0,20.0,12.0,28.0,0.0,20.0,56.0,4.0,0.0,0.0,0.0,0.0,4.0,8.0,0.0,0.0,0.0,0.0,12.0,8.0,20.0,4.0,4.0,28.0,16.0,4.0,8.0,12.0,0.0,4.0,0.0,8.0,0.0,24.0,0.0,8.0,12.0,0.0,8.0,0.0,28.0,60.0,40.0,0.0
56,40.0,4.0,4.0,40.0,68.0,40.0,44.0,12.0,4.0,56.0,0.0,28.0,52.0,168.0,12.0,0.0,52.0,40.0,24.0,48.0,8.0,372.0,32.0,336.0,4.0,204.0,160.0,0.0,4.0,88.0,128.0,28.0,24.0,32.0,28.0,48.0,16.0,8.0,72.0,196.0,92.0,240.0,0.0,396.0,12.0,36.0,4.0,40.0,48.0,4.0,24.0,32.0,8.0,64.0,16.0,372.0,20.0,0.0,0.0,64.0,320.0,236.0,40.0,124.0,0.0,212.0,16.0,8.0,4.0,4.0,0.0,24.0,36.0,0.0,16.0,4.0,52.0,104.0,0.0,4.0,16.0,52.0,4.0,16.0,80.0,52.0,36.0,4.0,32.0,36.0,44.0,0.0
57,4.0,4.0,4.0,12.0,20.0,116.0,8.0,16.0,0.0,80.0,8.0,4.0,8.0,0.0,16.0,0.0,12.0,4.0,4.0,8.0,0.0,8.0,8.0,16.0,0.0,12.0,4.0,0.0,28.0,36.0,4.0,32.0,0.0,24.0,32.0,8.0,4.0,4.0,16.0,0.0,0.0,0.0,0.0,8.0,0.0,24.0,0.0,20.0,12.0,4.0,16.0,4.0,4.0,8.0,0.0,4.0,264.0,0.0,0.0,0.0,16.0,12.0,4.0,0.0,4.0,8.0,40.0,16.0,8.0,0.0,0.0,8.0,8.0,0.0,0.0,0.0,12.0,4.0,0.0,0.0,12.0,24.0,0.0,4.0,0.0,52.0,40.0,0.0,20.0,32.0,24.0,0.0
58,4.0,0.0,0.0,8.0,0.0,12.0,0.0,0.0,0.0,16.0,4.0,0.0,0.0,16.0,12.0,148.0,8.0,0.0,0.0,0.0,0.0,0.0,4.0,0.0,148.0,0.0,0.0,136.0,4.0,0.0,8.0,0.0,8.0,4.0,4.0,0.0,0.0,0.0,0.0,12.0,4.0,0.0,280.0,0.0,0.0,4.0,0.0,4.0,12.0,8.0,0.0,0.0,4.0,0.0,0.0,0.0,4.0,592.0,212.0,52.0,4.0,0.0,0.0,8.0,0.0,0.0,4.0,0.0,0.0,0.0,148.0,0.0,4.0,0.0,0.0,0.0,0.0,8.0,0.0,0.0,0.0,0.0,0.0,0.0,0.0,0.0,0.0,136.0,0.0,12.0,0.0,76.0
59,0.0,0.0,0.0,0.0,0.0,0.0,4.0,0.0,8.0,0.0,4.0,0.0,0.0,4.0,0.0,12.0,12.0,0.0,4.0,4.0,0.0,8.0,12.0,4.0,88.0,0.0,4.0,56.0,0.0,4.0,0.0,4.0,0.0,0.0,0.0,0.0,0.0,0.0,0.0,4.0,0.0,0.0,64.0,0.0,0.0,0.0,0.0,0.0,0.0,0.0,0.0,0.0,0.0,4.0,0.0,0.0,0.0,16.0,588.0,0.0,0.0,4.0,4.0,0.0,4.0,0.0,0.0,0.0,0.0,0.0,16.0,0.0,0.0,0.0,0.0,0.0,0.0,0.0,0.0,0.0,0.0,4.0,0.0,0.0,0.0,0.0,0.0,4.0,0.0,0.0,0.0,4.0
60,0.0,0.0,0.0,0.0,0.0,0.0,0.0,0.0,0.0,0.0,0.0,0.0,0.0,0.0,0.0,0.0,0.0,0.0,4.0,4.0,0.0,20.0,0.0,16.0,0.0,0.0,4.0,0.0,0.0,16.0,0.0,0.0,0.0,0.0,0.0,0.0,0.0,0.0,0.0,32.0,24.0,44.0,4.0,4.0,0.0,0.0,0.0,0.0,4.0,0.0,0.0,0.0,0.0,0.0,0.0,0.0,0.0,0.0,0.0,196.0,0.0,8.0,0.0,4.0,0.0,0.0,0.0,0.0,0.0,0.0,0.0,0.0,0.0,0.0,0.0,0.0,0.0,0.0,0.0,0.0,0.0,0.0,0.0,0.0,0.0,0.0,0.0,0.0,0.0,0.0,0.0,0.0
61,4.0,4.0,8.0,4.0,0.0,0.0,4.0,12.0,0.0,0.0,0.0,4.0,4.0,92.0,0.0,0.0,8.0,16.0,0.0,12.0,8.0,24.0,0.0,52.0,0.0,56.0,52.0,0.0,0.0,20.0,20.0,4.0,12.0,8.0,16.0,0.0,0.0,0.0,0.0,36.0,24.0,48.0,0.0,48.0,0.0,4.0,0.0,8.0,8.0,0.0,4.0,4.0,0.0,4.0,0.0,28.0,0.0,0.0,0.0,0.0,96.0,24.0,12.0,28.0,0.0,32.0,8.0,4.0,4.0,0.0,4.0,0.0,4.0,0.0,12.0,0.0,4.0,4.0,0.0,4.0,0.0,12.0,0.0,0.0,0.0,8.0,8.0,0.0,8.0,0.0,4.0,0.0
62,8.0,8.0,4.0,4.0,12.0,4.0,32.0,12.0,4.0,4.0,12.0,4.0,8.0,16.0,0.0,0.0,12.0,16.0,0.0,20.0,12.0,92.0,12.0,44.0,0.0,36.0,16.0,0.0,8.0,36.0,52.0,8.0,8.0,0.0,4.0,24.0,8.0,4.0,8.0,24.0,0.0,24.0,0.0,32.0,4.0,0.0,0.0,12.0,12.0,16.0,8.0,0.0,4.0,12.0,0.0,4.0,16.0,0.0,0.0,4.0,8.0,236.0,16.0,0.0,12.0,32.0,4.0,4.0,8.0,4.0,0.0,12.0,4.0,0.0,8.0,8.0,20.0,20.0,0.0,4.0,0.0,8.0,4.0,8.0,0.0,0.0,20.0,0.0,8.0,12.0,8.0,0.0
63,4.0,0.0,0.0,4.0,40.0,0.0,44.0,16.0,8.0,8.0,24.0,8.0,16.0,4.0,32.0,0.0,36.0,32.0,0.0,24.0,4.0,20.0,0.0,20.0,4.0,56.0,12.0,0.0,0.0,76.0,40.0,20.0,0.0,8.0,12.0,4.0,0.0,12.0,12.0,20.0,20.0,44.0,0.0,16.0,0.0,0.0,0.0,4.0,0.0,0.0,4.0,0.0,0.0,32.0,4.0,12.0,40.0,0.0,0.0,4.0,16.0,4.0,224.0,48.0,12.0,20.0,0.0,0.0,4.0,0.0,0.0,12.0,8.0,0.0,4.0,8.0,8.0,0.0,0.0,12.0,8.0,4.0,0.0,16.0,12.0,20.0,0.0,0.0,8.0,0.0,4.0,0.0
64,0.0,12.0,0.0,0.0,0.0,12.0,0.0,4.0,0.0,0.0,0.0,0.0,0.0,24.0,0.0,0.0,0.0,8.0,0.0,4.0,0.0,32.0,0.0,36.0,0.0,4.0,0.0,0.0,4.0,16.0,0.0,0.0,0.0,0.0,0.0,4.0,0.0,0.0,12.0,28.0,8.0,16.0,0.0,20.0,0.0,0.0,0.0,0.0,0.0,0.0,0.0,0.0,0.0,4.0,0.0,12.0,0.0,0.0,0.0,0.0,16.0,16.0,4.0,188.0,0.0,32.0,0.0,0.0,0.0,0.0,0.0,0.0,8.0,0.0,0.0,0.0,0.0,0.0,0.0,0.0,0.0,0.0,0.0,0.0,0.0,4.0,0.0,0.0,0.0,4.0,0.0,0.0
65,4.0,0.0,8.0,12.0,4.0,24.0,20.0,20.0,12.0,12.0,28.0,16.0,20.0,0.0,20.0,4.0,32.0,4.0,8.0,16.0,44.0,8.0,24.0,12.0,8.0,8.0,4.0,0.0,8.0,36.0,12.0,12.0,4.0,0.0,12.0,12.0,24.0,40.0,24.0,0.0,4.0,0.0,0.0,16.0,24.0,20.0,4.0,32.0,8.0,16.0,4.0,32.0,0.0,12.0,4.0,4.0,12.0,0.0,0.0,0.0,0.0,16.0,0.0,8.0,152.0,0.0,12.0,28.0,12.0,0.0,0.0,20.0,12.0,4.0,8.0,24.0,24.0,20.0,0.0,44.0,20.0,20.0,4.0,8.0,20.0,8.0,4.0,0.0,28.0,16.0,8.0,0.0
66,24.0,8.0,4.0,72.0,24.0,24.0,36.0,16.0,24.0,16.0,32.0,8.0,24.0,112.0,20.0,0.0,36.0,40.0,12.0,32.0,16.0,136.0,16.0,128.0,4.0,100.0,72.0,0.0,28.0,40.0,48.0,36.0,12.0,24.0,16.0,0.0,12.0,16.0,36.0,108.0,28.0,132.0,0.0,208.0,8.0,32.0,4.0,16.0,20.0,28.0,28.0,12.0,0.0,16.0,20.0,84.0,32.0,4.0,4.0,24.0,72.0,68.0,24.0,36.0,32.0,304.0,20.0,12.0,8.0,4.0,0.0,8.0,32.0,0.0,20.0,28.0,12.0,12.0,0.0,4.0,8.0,24.0,0.0,4.0,4.0,16.0,20.0,0.0,24.0,48.0,20.0,0.0
67,8.0,0.0,0.0,0.0,0.0,20.0,0.0,0.0,0.0,20.0,0.0,0.0,0.0,0.0,0.0,0.0,4.0,0.0,0.0,0.0,0.0,4.0,0.0,0.0,0.0,0.0,0.0,0.0,4.0,24.0,8.0,0.0,4.0,0.0,0.0,0.0,0.0,0.0,0.0,0.0,0.0,16.0,4.0,0.0,0.0,0.0,0.0,4.0,0.0,8.0,4.0,8.0,0.0,8.0,0.0,0.0,48.0,0.0,0.0,0.0,4.0,4.0,0.0,0.0,0.0,0.0,112.0,0.0,0.0,0.0,0.0,12.0,4.0,0.0,8.0,12.0,0.0,4.0,0.0,8.0,0.0,12.0,0.0,0.0,0.0,12.0,8.0,0.0,0.0,0.0,8.0,4.0
68,8.0,0.0,4.0,8.0,0.0,4.0,20.0,4.0,4.0,4.0,0.0,0.0,4.0,4.0,4.0,0.0,0.0,0.0,24.0,0.0,0.0,0.0,12.0,0.0,0.0,0.0,0.0,0.0,0.0,12.0,4.0,4.0,0.0,0.0,0.0,16.0,0.0,0.0,8.0,12.0,0.0,0.0,0.0,0.0,4.0,0.0,0.0,4.0,4.0,0.0,12.0,8.0,0.0,0.0,0.0,0.0,8.0,0.0,0.0,0.0,4.0,0.0,0.0,0.0,4.0,0.0,0.0,236.0,4.0,0.0,0.0,8.0,20.0,0.0,8.0,4.0,4.0,0.0,0.0,0.0,0.0,0.0,0.0,8.0,0.0,0.0,0.0,0.0,12.0,4.0,0.0,0.0
69,116.0,44.0,116.0,284.0,92.0,184.0,28.0,224.0,216.0,288.0,136.0,184.0,100.0,40.0,200.0,0.0,76.0,68.0,72.0,84.0,136.0,68.0,112.0,68.0,8.0,36.0,44.0,4.0,140.0,108.0,44.0,76.0,112.0,28.0,60.0,76.0,92.0,28.0,124.0,56.0,16.0,104.0,0.0,116.0,60.0,80.0,28.0,232.0,204.0,152.0,168.0,280.0,32.0,104.0,96.0,28.0,96.0,16.0,4.0,16.0,80.0,72.0,56.0,36.0,72.0,24.0,116.0,68.0,312.0,52.0,0.0,140.0,208.0,16.0,160.0,148.0,72.0,180.0,0.0,80.0,72.0,192.0,8.0,156.0,136.0,200.0,128.0,4.0,120.0,364.0,84.0,0.0
70,0.0,0.0,0.0,0.0,0.0,0.0,0.0,0.0,0.0,12.0,0.0,4.0,0.0,0.0,0.0,0.0,4.0,12.0,0.0,12.0,0.0,4.0,0.0,0.0,0.0,0.0,0.0,0.0,0.0,0.0,0.0,0.0,0.0,4.0,0.0,0.0,0.0,0.0,0.0,0.0,0.0,0.0,0.0,0.0,0.0,0.0,0.0,0.0,4.0,0.0,0.0,0.0,0.0,16.0,0.0,0.0,0.0,0.0,0.0,0.0,0.0,12.0,0.0,0.0,0.0,0.0,4.0,0.0,0.0,28.0,0.0,4.0,16.0,0.0,0.0,0.0,4.0,0.0,0.0,0.0,0.0,0.0,0.0,0.0,0.0,0.0,0.0,0.0,0.0,0.0,4.0,0.0
71,4.0,0.0,0.0,0.0,0.0,4.0,4.0,8.0,0.0,0.0,0.0,0.0,0.0,20.0,8.0,108.0,0.0,0.0,4.0,8.0,0.0,8.0,4.0,4.0,308.0,0.0,8.0,112.0,0.0,4.0,0.0,8.0,0.0,4.0,0.0,0.0,0.0,0.0,0.0,4.0,0.0,12.0,228.0,4.0,0.0,0.0,0.0,0.0,0.0,4.0,4.0,4.0,0.0,4.0,0.0,0.0,0.0,104.0,132.0,0.0,0.0,8.0,0.0,0.0,0.0,0.0,0.0,4.0,0.0,0.0,364.0,0.0,8.0,4.0,0.0,0.0,0.0,0.0,0.0,0.0,0.0,0.0,0.0,0.0,4.0,0.0,0.0,112.0,0.0,0.0,0.0,80.0
72,96.0,44.0,48.0,132.0,72.0,104.0,36.0,148.0,120.0,244.0,72.0,108.0,76.0,24.0,100.0,8.0,72.0,68.0,40.0,60.0,72.0,16.0,32.0,44.0,0.0,44.0,24.0,0.0,76.0,64.0,16.0,84.0,40.0,72.0,48.0,24.0,88.0,56.0,76.0,24.0,20.0,24.0,0.0,28.0,32.0,40.0,16.0,116.0,108.0,128.0,188.0,128.0,12.0,72.0,52.0,8.0,96.0,8.0,0.0,0.0,8.0,4.0,36.0,52.0,84.0,4.0,36.0,44.0,48.0,20.0,0.0,332.0,84.0,8.0,80.0,92.0,60.0,76.0,0.0,52.0,52.0,116.0,4.0,76.0,64.0,92.0,52.0,0.0,108.0,148.0,148.0,0.0
73,28.0,28.0,0.0,40.0,32.0,20.0,12.0,4.0,8.0,44.0,64.0,20.0,16.0,68.0,16.0,0.0,12.0,100.0,48.0,84.0,24.0,24.0,24.0,28.0,0.0,24.0,12.0,4.0,12.0,24.0,12.0,12.0,4.0,4.0,4.0,28.0,4.0,12.0,24.0,44.0,12.0,20.0,4.0,12.0,20.0,8.0,0.0,48.0,4.0,36.0,8.0,12.0,0.0,308.0,4.0,4.0,88.0,0.0,0.0,4.0,24.0,12.0,16.0,4.0,16.0,8.0,68.0,28.0,8.0,4.0,0.0,8.0,292.0,8.0,0.0,8.0,56.0,72.0,0.0,20.0,24.0,84.0,12.0,28.0,12.0,12.0,32.0,0.0,0.0,64.0,136.0,0.0
74,60.0,12.0,0.0,20.0,16.0,0.0,0.0,12.0,16.0,44.0,0.0,8.0,8.0,4.0,16.0,0.0,4.0,40.0,0.0,36.0,4.0,0.0,12.0,0.0,0.0,0.0,4.0,0.0,8.0,4.0,20.0,4.0,0.0,0.0,4.0,8.0,0.0,8.0,8.0,4.0,0.0,0.0,0.0,12.0,0.0,0.0,0.0,16.0,20.0,16.0,4.0,4.0,0.0,144.0,12.0,0.0,12.0,0.0,0.0,0.0,4.0,20.0,0.0,4.0,0.0,12.0,4.0,8.0,20.0,36.0,0.0,0.0,40.0,96.0,12.0,4.0,28.0,4.0,0.0,0.0,12.0,16.0,52.0,12.0,12.0,12.0,12.0,8.0,0.0,0.0,92.0,0.0
75,40.0,0.0,36.0,64.0,24.0,24.0,16.0,116.0,52.0,48.0,40.0,48.0,28.0,4.0,60.0,4.0,8.0,16.0,4.0,0.0,12.0,12.0,8.0,0.0,0.0,8.0,0.0,0.0,36.0,28.0,8.0,24.0,32.0,4.0,16.0,92.0,40.0,44.0,36.0,12.0,12.0,8.0,0.0,12.0,16.0,20.0,12.0,116.0,56.0,80.0,64.0,76.0,0.0,44.0,24.0,4.0,32.0,0.0,0.0,0.0,12.0,12.0,8.0,0.0,44.0,8.0,12.0,24.0,32.0,4.0,0.0,48.0,28.0,0.0,100.0,20.0,0.0,12.0,0.0,16.0,16.0,12.0,0.0,40.0,20.0,36.0,4.0,0.0,20.0,120.0,16.0,0.0
76,32.0,32.0,16.0,72.0,48.0,32.0,44.0,48.0,28.0,40.0,28.0,20.0,20.0,8.0,28.0,0.0,64.0,20.0,72.0,16.0,60.0,28.0,56.0,4.0,0.0,20.0,4.0,8.0,32.0,20.0,24.0,72.0,32.0,16.0,24.0,24.0,24.0,4.0,28.0,16.0,0.0,12.0,0.0,16.0,12.0,24.0,4.0,44.0,24.0,28.0,36.0,20.0,0.0,48.0,8.0,8.0,32.0,0.0,0.0,8.0,4.0,8.0,0.0,0.0,8.0,12.0,20.0,44.0,40.0,4.0,0.0,52.0,28.0,4.0,16.0,220.0,4.0,28.0,0.0,24.0,24.0,48.0,12.0,24.0,12.0,24.0,28.0,0.0,56.0,52.0,12.0,0.0
77,16.0,0.0,0.0,0.0,0.0,12.0,0.0,0.0,4.0,0.0,4.0,0.0,12.0,4.0,4.0,0.0,0.0,36.0,0.0,20.0,0.0,16.0,4.0,0.0,0.0,0.0,4.0,0.0,0.0,4.0,0.0,0.0,0.0,4.0,0.0,0.0,16.0,0.0,0.0,0.0,8.0,0.0,0.0,0.0,8.0,0.0,0.0,4.0,8.0,0.0,0.0,0.0,0.0,24.0,4.0,20.0,4.0,0.0,0.0,0.0,0.0,4.0,4.0,8.0,0.0,0.0,0.0,4.0,4.0,0.0,0.0,4.0,0.0,0.0,0.0,0.0,104.0,4.0,0.0,20.0,0.0,4.0,0.0,4.0,0.0,0.0,4.0,0.0,0.0,12.0,16.0,0.0
78,40.0,0.0,8.0,60.0,32.0,28.0,4.0,36.0,28.0,72.0,64.0,60.0,56.0,40.0,48.0,0.0,12.0,64.0,12.0,52.0,20.0,12.0,24.0,40.0,0.0,4.0,4.0,0.0,32.0,52.0,20.0,52.0,16.0,16.0,32.0,64.0,12.0,24.0,40.0,8.0,8.0,12.0,0.0,12.0,44.0,56.0,8.0,44.0,112.0,80.0,36.0,36.0,4.0,196.0,12.0,0.0,60.0,0.0,4.0,0.0,12.0,4.0,24.0,12.0,20.0,28.0,8.0,28.0,48.0,24.0,0.0,48.0,164.0,0.0,40.0,24.0,44.0,244.0,0.0,20.0,44.0,80.0,12.0,20.0,76.0,56.0,56.0,0.0,56.0,68.0,96.0,0.0
79,0.0,0.0,0.0,0.0,0.0,0.0,0.0,0.0,0.0,0.0,0.0,0.0,0.0,0.0,0.0,0.0,0.0,0.0,0.0,0.0,0.0,0.0,0.0,0.0,0.0,0.0,0.0,0.0,0.0,0.0,0.0,0.0,0.0,0.0,0.0,0.0,0.0,0.0,0.0,0.0,0.0,0.0,0.0,0.0,0.0,0.0,0.0,0.0,0.0,0.0,0.0,0.0,0.0,0.0,0.0,0.0,0.0,0.0,0.0,0.0,0.0,0.0,0.0,0.0,0.0,0.0,0.0,0.0,0.0,0.0,0.0,0.0,0.0,0.0,0.0,0.0,0.0,0.0,0.0,0.0,0.0,0.0,0.0,0.0,0.0,0.0,0.0,0.0,0.0,0.0,0.0,0.0
80,8.0,0.0,12.0,28.0,16.0,12.0,0.0,40.0,8.0,8.0,32.0,4.0,12.0,4.0,36.0,0.0,12.0,4.0,28.0,4.0,24.0,16.0,24.0,0.0,0.0,4.0,20.0,0.0,28.0,16.0,0.0,8.0,4.0,12.0,4.0,16.0,20.0,12.0,8.0,4.0,4.0,0.0,0.0,12.0,28.0,16.0,0.0,20.0,32.0,32.0,28.0,40.0,0.0,4.0,4.0,0.0,32.0,0.0,0.0,0.0,12.0,8.0,4.0,0.0,20.0,12.0,4.0,40.0,28.0,0.0,0.0,28.0,20.0,0.0,12.0,24.0,4.0,16.0,0.0,100.0,4.0,20.0,4.0,24.0,36.0,8.0,20.0,0.0,36.0,56.0,16.0,0.0
81,4.0,0.0,0.0,0.0,0.0,12.0,8.0,0.0,0.0,28.0,4.0,0.0,8.0,0.0,12.0,0.0,12.0,8.0,0.0,0.0,0.0,0.0,0.0,4.0,0.0,4.0,0.0,4.0,0.0,4.0,4.0,0.0,0.0,12.0,0.0,0.0,4.0,0.0,4.0,0.0,0.0,0.0,0.0,0.0,0.0,4.0,0.0,0.0,0.0,0.0,16.0,0.0,0.0,0.0,8.0,0.0,12.0,0.0,0.0,0.0,0.0,0.0,4.0,0.0,8.0,4.0,0.0,0.0,0.0,0.0,0.0,0.0,4.0,0.0,0.0,4.0,4.0,0.0,0.0,0.0,36.0,20.0,0.0,0.0,0.0,20.0,4.0,0.0,20.0,4.0,16.0,0.0
82,84.0,0.0,8.0,64.0,20.0,152.0,40.0,36.0,24.0,116.0,20.0,28.0,28.0,12.0,24.0,0.0,12.0,28.0,4.0,16.0,4.0,20.0,12.0,8.0,0.0,0.0,32.0,8.0,28.0,20.0,0.0,12.0,28.0,16.0,24.0,32.0,12.0,4.0,24.0,4.0,8.0,16.0,0.0,8.0,20.0,24.0,8.0,12.0,40.0,24.0,16.0,8.0,8.0,76.0,32.0,8.0,80.0,4.0,0.0,0.0,12.0,8.0,16.0,0.0,4.0,32.0,68.0,24.0,28.0,4.0,0.0,40.0,16.0,4.0,8.0,16.0,16.0,20.0,0.0,0.0,48.0,240.0,8.0,24.0,4.0,80.0,16.0,0.0,52.0,32.0,32.0,0.0
83,0.0,0.0,0.0,0.0,0.0,0.0,0.0,0.0,0.0,0.0,0.0,0.0,0.0,0.0,0.0,0.0,0.0,12.0,0.0,0.0,0.0,0.0,0.0,0.0,0.0,0.0,0.0,0.0,4.0,0.0,0.0,0.0,0.0,0.0,0.0,0.0,0.0,0.0,0.0,0.0,0.0,0.0,0.0,0.0,0.0,0.0,4.0,0.0,0.0,0.0,0.0,0.0,0.0,0.0,0.0,0.0,0.0,0.0,0.0,0.0,0.0,0.0,0.0,0.0,0.0,0.0,0.0,0.0,0.0,0.0,0.0,0.0,0.0,12.0,0.0,0.0,0.0,0.0,0.0,0.0,0.0,0.0,16.0,0.0,0.0,0.0,0.0,0.0,0.0,0.0,0.0,0.0
84,0.0,0.0,4.0,12.0,8.0,4.0,0.0,16.0,20.0,0.0,12.0,28.0,8.0,0.0,12.0,0.0,4.0,0.0,0.0,0.0,0.0,0.0,0.0,8.0,0.0,4.0,0.0,0.0,0.0,0.0,8.0,0.0,0.0,0.0,0.0,0.0,4.0,4.0,0.0,0.0,0.0,0.0,0.0,0.0,0.0,4.0,0.0,4.0,20.0,28.0,0.0,4.0,0.0,4.0,0.0,0.0,4.0,0.0,0.0,0.0,0.0,0.0,0.0,0.0,8.0,4.0,0.0,4.0,0.0,12.0,0.0,4.0,0.0,0.0,4.0,0.0,0.0,4.0,0.0,0.0,0.0,0.0,0.0,340.0,0.0,0.0,0.0,0.0,12.0,0.0,4.0,0.0
85,88.0,44.0,72.0,172.0,84.0,144.0,16.0,108.0,148.0,168.0,52.0,88.0,60.0,32.0,192.0,12.0,112.0,48.0,156.0,24.0,172.0,76.0,96.0,28.0,0.0,28.0,20.0,4.0,32.0,80.0,64.0,120.0,48.0,40.0,40.0,36.0,52.0,44.0,132.0,12.0,28.0,32.0,0.0,36.0,44.0,20.0,8.0,92.0,120.0,80.0,100.0,56.0,8.0,36.0,12.0,16.0,88.0,0.0,0.0,4.0,36.0,36.0,28.0,16.0,92.0,20.0,112.0,72.0,40.0,8.0,0.0,56.0,40.0,0.0,84.0,152.0,48.0,60.0,0.0,72.0,32.0,56.0,4.0,60.0,132.0,36.0,56.0,16.0,76.0,184.0,72.0,0.0
86,60.0,8.0,12.0,28.0,12.0,92.0,20.0,68.0,16.0,160.0,24.0,0.0,76.0,8.0,28.0,0.0,36.0,24.0,4.0,16.0,28.0,0.0,4.0,4.0,4.0,16.0,8.0,0.0,64.0,28.0,8.0,4.0,8.0,20.0,20.0,12.0,20.0,16.0,40.0,0.0,0.0,16.0,0.0,16.0,8.0,40.0,0.0,24.0,24.0,12.0,8.0,40.0,0.0,36.0,20.0,8.0,128.0,0.0,4.0,0.0,24.0,12.0,4.0,4.0,4.0,4.0,88.0,8.0,44.0,8.0,0.0,8.0,12.0,0.0,8.0,44.0,16.0,24.0,0.0,4.0,28.0,120.0,0.0,4.0,12.0,172.0,32.0,0.0,32.0,52.0,44.0,0.0
87,8.0,0.0,4.0,4.0,12.0,40.0,0.0,16.0,0.0,16.0,4.0,8.0,36.0,32.0,8.0,4.0,4.0,0.0,4.0,4.0,0.0,68.0,0.0,12.0,0.0,0.0,12.0,0.0,8.0,20.0,0.0,0.0,0.0,4.0,8.0,8.0,12.0,0.0,4.0,4.0,0.0,4.0,4.0,0.0,0.0,12.0,0.0,0.0,12.0,8.0,4.0,8.0,8.0,32.0,0.0,0.0,40.0,0.0,0.0,8.0,0.0,0.0,8.0,12.0,0.0,0.0,8.0,12.0,12.0,4.0,0.0,4.0,12.0,4.0,4.0,0.0,8.0,8.0,0.0,0.0,4.0,40.0,4.0,0.0,4.0,32.0,88.0,0.0,44.0,0.0,12.0,0.0
88,0.0,0.0,0.0,0.0,0.0,0.0,0.0,0.0,0.0,0.0,0.0,0.0,0.0,0.0,0.0,0.0,0.0,0.0,0.0,0.0,0.0,0.0,0.0,4.0,32.0,0.0,8.0,0.0,0.0,0.0,0.0,0.0,0.0,0.0,0.0,0.0,0.0,0.0,0.0,0.0,0.0,8.0,56.0,0.0,0.0,0.0,0.0,4.0,0.0,0.0,0.0,0.0,0.0,0.0,0.0,0.0,0.0,12.0,24.0,0.0,0.0,20.0,0.0,4.0,0.0,0.0,0.0,4.0,0.0,0.0,20.0,0.0,4.0,0.0,0.0,0.0,0.0,0.0,0.0,0.0,0.0,0.0,0.0,0.0,0.0,0.0,0.0,124.0,0.0,0.0,4.0,12.0
89,92.0,4.0,48.0,80.0,48.0,80.0,12.0,88.0,56.0,92.0,48.0,64.0,68.0,40.0,60.0,0.0,32.0,64.0,12.0,36.0,20.0,36.0,28.0,36.0,0.0,32.0,8.0,4.0,76.0,64.0,8.0,60.0,12.0,40.0,60.0,48.0,20.0,36.0,48.0,8.0,20.0,12.0,0.0,24.0,56.0,44.0,12.0,116.0,64.0,72.0,48.0,120.0,8.0,76.0,32.0,12.0,72.0,0.0,8.0,4.0,4.0,24.0,20.0,4.0,8.0,8.0,32.0,40.0,36.0,8.0,0.0,76.0,60.0,8.0,44.0,44.0,16.0,48.0,0.0,20.0,20.0,140.0,0.0,48.0,36.0,96.0,104.0,0.0,188.0,84.0,64.0,0.0
90,24.0,8.0,36.0,132.0,64.0,56.0,24.0,84.0,32.0,152.0,44.0,88.0,52.0,12.0,72.0,0.0,40.0,48.0,4.0,16.0,16.0,24.0,52.0,16.0,0.0,8.0,8.0,4.0,60.0,64.0,8.0,24.0,16.0,24.0,8.0,32.0,68.0,16.0,12.0,20.0,24.0,24.0,4.0,40.0,32.0,40.0,20.0,56.0,36.0,68.0,36.0,84.0,16.0,52.0,28.0,16.0,32.0,0.0,0.0,8.0,20.0,12.0,8.0,32.0,20.0,12.0,72.0,12.0,48.0,28.0,4.0,56.0,56.0,0.0,32.0,16.0,12.0,52.0,0.0,40.0,24.0,36.0,0.0,28.0,48.0,16.0,48.0,4.0,56.0,508.0,44.0,0.0
91,20.0,8.0,0.0,12.0,0.0,4.0,0.0,16.0,8.0,20.0,0.0,4.0,4.0,4.0,16.0,0.0,0.0,16.0,0.0,12.0,0.0,0.0,0.0,0.0,0.0,8.0,0.0,4.0,4.0,8.0,0.0,4.0,0.0,0.0,4.0,8.0,8.0,4.0,0.0,0.0,0.0,0.0,0.0,4.0,0.0,0.0,0.0,4.0,4.0,16.0,4.0,0.0,0.0,36.0,0.0,4.0,16.0,0.0,0.0,8.0,0.0,4.0,0.0,8.0,4.0,0.0,0.0,0.0,4.0,0.0,0.0,12.0,16.0,0.0,0.0,0.0,28.0,32.0,0.0,8.0,0.0,0.0,4.0,4.0,4.0,4.0,4.0,0.0,4.0,4.0,160.0,0.0
92,0.0,4.0,0.0,0.0,0.0,0.0,0.0,0.0,0.0,0.0,0.0,0.0,0.0,0.0,0.0,0.0,0.0,0.0,0.0,0.0,0.0,0.0,4.0,0.0,12.0,0.0,0.0,32.0,0.0,4.0,0.0,0.0,0.0,0.0,0.0,0.0,0.0,0.0,0.0,0.0,0.0,0.0,20.0,0.0,0.0,0.0,0.0,0.0,0.0,0.0,0.0,0.0,0.0,0.0,0.0,0.0,0.0,44.0,20.0,0.0,0.0,0.0,4.0,0.0,4.0,0.0,0.0,0.0,0.0,0.0,24.0,0.0,0.0,0.0,0.0,0.0,8.0,0.0,0.0,0.0,0.0,0.0,0.0,0.0,0.0,0.0,0.0,76.0,0.0,0.0,0.0,108.0
